NAME,lang,long,top_to_bottom,reason1,bottom_to_top,reason2
South Ferry,40.701730507574474,-74.01316895919258,0.0,0.0,0.0,0.0
Rector St,40.707512999521775,-74.01378300119742,0.0,0.0,0.0,0.0
Cortlandt St,40.7118350008202,-74.01218800112292,0.0,0.0,0.0,0.0
Chambers St,40.71547800011327,-74.00926600170112,0.0,0.0,0.0,0.0
Franklin St,40.719318001302135,-74.00688600277107,0.0,0.0,0.0,0.0
Canal St,40.72285399778783,-74.0062770001748,0.0,0.0,0.0,0.0
Houston St,40.728251000730204,-74.00536700180581,0.0,0.0,0.0,0.0
Christopher St-Sheridan Sq,40.73342200104225,-74.00290599855235,0.0,0.0,0.0,0.0
14 St,40.737825999728116,-74.00020100063497,0.0,0.0,0.0,0.0
18 St,40.741039999802105,-73.99787100060406,0.0,0.0,0.0,0.0
23 St,40.74408099989751,-73.9956570016487,0.0,0.0,0.0,0.0
28 St,40.74721499918219,-73.99336500134324,0.0,0.0,0.0,0.0
34 St-Penn Station,40.75037300003949,-73.99105699913983,0.0,0.0,0.0,0.0
Times Sq-42 St,40.75528999995681,-73.98749500051885,0.0,0.0,0.0,0.0
50 St,40.76172799961419,-73.98384899986625,0.0,0.0,Not working,skip
59 St-Columbus Circle,40.76824700063689,-73.98192900232715,0.0,0.0,Not working,skip
66 St-Lincoln Ctr,40.77344000052039,-73.98220899995783,0.0,0.0,Not working,skip
72 St,40.77845300068614,-73.98197000159583,0.0,0.0,0.0,0.0
79 St,40.78393399959032,-73.97991700056134,0.0,0.0,Not working,skip
86 St,40.78864400073892,-73.97621799859327,0.0,0.0,Not working,skip
96 St,40.79391900121471,-73.97232299915696,0.0,0.0,0.0,0.0
103 St,40.799446000334825,-73.96837899960818,0.0,0.0,0.0,0.0
Cathedral Pkwy (110 St),40.80396699961484,-73.9668470005456,0.0,0.0,0.0,0.0
116 St-Columbia University,40.807722001230864,-73.96410999757751,0.0,0.0,0.0,0.0
125 St,40.815580999978934,-73.95837200097044,0.0,0.0,0.0,0.0
137 St-City College,40.82200799968475,-73.95367600087873,0.0,0.0,0.0,0.0
145 St,40.82655099962194,-73.95035999879713,0.0,0.0,0.0,0.0
157 St,40.8340410001399,-73.94488999901047,0.0,0.0,0.0,0.0
168 St,40.840555999148535,-73.94013299907257,0.0,0.0,0.0,0.0
181 St,40.84950499974065,-73.9335959996056,0.0,0.0,0.0,0.0
191 St,40.85522500175836,-73.92941199742039,0.0,0.0,0.0,0.0
Dyckman St,40.86053100138796,-73.92553600006474,0.0,0.0,0.0,0.0
207 St,40.864614000525854,-73.91881900132312,0.0,0.0,0.0,0.0
215 St,40.86944399946045,-73.91527899954356,0.0,0.0,0.0,0.0
Marble Hill-225 St,40.87456099941789,-73.90983099923551,0.0,0.0,0.0,0.0
231 St,40.87885599817935,-73.90483400107873,0.0,0.0,0.0,0.0
238 St,40.88466700064975,-73.90087000018522,0.0,0.0,0.0,0.0
Van Cortlandt Park-242 St,40.88924800011476,-73.89858300049647,0.0,0.0,0.0,0.0
